Video,Timestamp(ms),MatchedName,Confidence
Transcodes/IMG_0616.mp4,4999,Millie,100.0
Transcodes/IMG_0616.mp4,5499,Jojo,100.0
Transcodes/IMG_0616.mp4,14000,Millie,100.0
Transcodes/IMG_0616.mp4,14500,Millie,100.0
Transcodes/IMG_0616.mp4,15000,Millie,100.0
Transcodes/IMG_0616.mp4,15000,Jojo,100.0
Transcodes/IMG_0616.mp4,15500,Millie,100.0
Transcodes/IMG_0616.mp4,16000,Millie,100.0
Transcodes/IMG_0616.mp4,17000,Millie,100.0
Transcodes/IMG_0616.mp4,17000,Jojo,100.0
Transcodes/IMG_0616.mp4,18500,Millie,100.0
Transcodes/IMG_0616.mp4,18500,Jojo,100.0
Transcodes/IMG_0616.mp4,19000,Millie,100.0
Transcodes/IMG_0616.mp4,19000,Jojo,100.0
Transcodes/IMG_0616.mp4,19500,Millie,100.0
Transcodes/IMG_0616.mp4,19500,Jojo,100.0
Transcodes/IMG_0616.mp4,19999,Millie,100.0
Transcodes/IMG_0616.mp4,19999,Jojo,100.0
Transcodes/IMG_0616.mp4,20000,Millie,100.0
Transcodes/IMG_0616.mp4,20000,Jojo,100.0
Transcodes/IMG_0616.mp4,20499,Millie,100.0
Transcodes/IMG_0616.mp4,20499,Jojo,100.0
Transcodes/IMG_0616.mp4,20999,Millie,100.0
Transcodes/IMG_0616.mp4,20999,Jojo,100.0
Transcodes/IMG_0616.mp4,21499,Millie,100.0
Transcodes/IMG_0616.mp4,21499,Jojo,100.0
Transcodes/IMG_0616.mp4,37999,Jojo,100.0
Transcodes/IMG_0616.mp4,37999,Millie,100.0
Transcodes/IMG_0616.mp4,38499,Millie,100.0
Transcodes/IMG_0616.mp4,38499,Jojo,100.0
Transcodes/IMG_0616.mp4,38999,Jojo,100.0
Transcodes/IMG_0616.mp4,38999,Millie,100.0
Transcodes/IMG_0616.mp4,39500,Jojo,100.0
Transcodes/IMG_0616.mp4,52500,Millie,100.0
Transcodes/IMG_0616.mp4,53000,Jojo,100.0
Transcodes/IMG_0616.mp4,53500,Jojo,100.0
Transcodes/IMG_0616.mp4,54500,Jojo,100.0
Transcodes/IMG_0616.mp4,55000,Millie,100.0
Transcodes/IMG_0616.mp4,55000,Jojo,100.0
Transcodes/IMG_0616.mp4,55500,Jojo,100.0
Transcodes/IMG_0616.mp4,55500,Millie,100.0
Transcodes/IMG_0866.mp4,3470,Tom,100.0
Transcodes/IMG_0866.mp4,3970,Tom,100.0
Transcodes/IMG_0866.mp4,4471,Tom,100.0
Transcodes/IMG_0866.mp4,4971,Tom,100.0
Transcodes/IMG_0866.mp4,5472,Tom,100.0
Transcodes/IMG_0866.mp4,5972,Tom,100.0
Transcodes/IMG_0866.mp4,6473,Tom,100.0
Transcodes/IMG_0866.mp4,6973,Tom,100.0
Transcodes/IMG_0866.mp4,7474,Tom,100.0
Transcodes/IMG_0866.mp4,7974,Tom,100.0
Transcodes/IMG_0866.mp4,8475,Tom,100.0
Transcodes/IMG_0866.mp4,8975,Tom,100.0
Transcodes/IMG_0866.mp4,10477,Tom,100.0
Transcodes/IMG_0866.mp4,34501,Tom,100.0
Transcodes/IMG_0866.mp4,35001,Tom,100.0
Transcodes/IMG_0866.mp4,35502,Jojo,100.0
Transcodes/IMG_0866.mp4,36002,Tom,100.0
Transcodes/IMG_1582.mp4,0,Jojo,100.0
Transcodes/IMG_1582.mp4,0,Millie,100.0
Transcodes/IMG_1582.mp4,0,Tom,100.0
Transcodes/IMG_1582.mp4,500,Jojo,100.0
Transcodes/IMG_1582.mp4,500,Millie,100.0
Transcodes/IMG_1582.mp4,500,Tom,100.0
Transcodes/IMG_1582.mp4,999,Jojo,100.0
Transcodes/IMG_1582.mp4,999,Millie,100.0
Transcodes/IMG_1582.mp4,999,Tom,100.0
Transcodes/IMG_1582.mp4,1500,Jojo,100.0
Transcodes/IMG_1582.mp4,1500,Millie,100.0
Transcodes/IMG_1582.mp4,1500,Tom,100.0
Transcodes/IMG_1582.mp4,2000,Jojo,100.0
Transcodes/IMG_1582.mp4,2000,Millie,100.0
Transcodes/IMG_1582.mp4,2000,Tom,100.0
Transcodes/IMG_1582.mp4,2500,Jojo,100.0
Transcodes/IMG_1582.mp4,2500,Millie,100.0
Transcodes/IMG_1582.mp4,2500,Tom,100.0
Transcodes/IMG_1582.mp4,2999,Jojo,100.0
Transcodes/IMG_1582.mp4,2999,Millie,100.0
Transcodes/IMG_1582.mp4,2999,Tom,100.0
Transcodes/IMG_1582.mp4,3499,Jojo,100.0
Transcodes/IMG_1582.mp4,3499,Millie,100.0
Transcodes/IMG_1582.mp4,3499,Tom,100.0
Transcodes/IMG_1582.mp4,3999,Jojo,100.0
Transcodes/IMG_1582.mp4,3999,Millie,100.0
Transcodes/IMG_1582.mp4,3999,Tom,100.0
Transcodes/IMG_1582.mp4,4499,Jojo,100.0
Transcodes/IMG_1582.mp4,4499,Millie,100.0
Transcodes/IMG_1582.mp4,4499,Tom,100.0
Transcodes/IMG_1582.mp4,5000,Jojo,100.0
Transcodes/IMG_1582.mp4,5000,Millie,100.0
Transcodes/IMG_1582.mp4,5000,Tom,100.0
Transcodes/IMG_1582.mp4,5500,Jojo,100.0
Transcodes/IMG_1582.mp4,5500,Millie,100.0
Transcodes/IMG_1582.mp4,5500,Tom,100.0
Transcodes/IMG_1582.mp4,6000,Jojo,100.0
Transcodes/IMG_1582.mp4,6000,Millie,100.0
Transcodes/IMG_1582.mp4,6000,Tom,100.0
Transcodes/IMG_1582.mp4,6500,Jojo,100.0
Transcodes/IMG_1582.mp4,6500,Millie,100.0
Transcodes/IMG_1582.mp4,6500,Tom,100.0
Transcodes/IMG_1582.mp4,7000,Jojo,100.0
Transcodes/IMG_1582.mp4,7000,Millie,100.0
Transcodes/IMG_1582.mp4,7000,Tom,100.0
Transcodes/IMG_1582.mp4,7500,Jojo,100.0
Transcodes/IMG_1582.mp4,7500,Millie,100.0
Transcodes/IMG_1582.mp4,7500,Tom,100.0
Transcodes/IMG_1582.mp4,8000,Jojo,100.0
Transcodes/IMG_1582.mp4,8000,Millie,100.0
Transcodes/IMG_1582.mp4,8000,Tom,100.0
Transcodes/IMG_1582.mp4,8500,Millie,100.0
Transcodes/IMG_1582.mp4,8500,Jojo,100.0
Transcodes/IMG_1582.mp4,8500,Tom,100.0
Transcodes/IMG_1582.mp4,9000,Jojo,100.0
Transcodes/IMG_1582.mp4,9000,Millie,100.0
Transcodes/IMG_1582.mp4,10999,Millie,100.0
Transcodes/IMG_1582.mp4,10999,Jojo,100.0
Transcodes/IMG_1582.mp4,11499,Millie,100.0
Transcodes/IMG_1582.mp4,11499,Jojo,100.0
Transcodes/IMG_1582.mp4,14499,Millie,100.0
Transcodes/IMG_1582.mp4,14999,Millie,100.0
Transcodes/IMG_1582.mp4,14999,Jojo,100.0
Transcodes/IMG_1582.mp4,15499,Millie,100.0
Transcodes/IMG_1582.mp4,15499,Jojo,100.0
Transcodes/IMG_1582.mp4,15999,Millie,100.0
Transcodes/IMG_1582.mp4,15999,Jojo,100.0
Transcodes/IMG_1582.mp4,16499,Millie,100.0
Transcodes/IMG_1582.mp4,16499,Jojo,100.0
Transcodes/IMG_1582.mp4,16999,Jojo,100.0
Transcodes/IMG_1582.mp4,16999,Millie,100.0
Transcodes/IMG_1582.mp4,17499,Millie,100.0
Transcodes/IMG_1582.mp4,17499,Jojo,100.0
Transcodes/IMG_1582.mp4,17499,Millie,100.0
Transcodes/IMG_1582.mp4,17499,Jojo,100.0
Transcodes/IMG_1582.mp4,17999,Millie,100.0
Transcodes/IMG_1582.mp4,17999,Jojo,100.0
Transcodes/IMG_1582.mp4,17999,Jojo,100.0
Transcodes/IMG_1582.mp4,17999,Millie,100.0
Transcodes/IMG_1582.mp4,18499,Millie,100.0
Transcodes/IMG_1582.mp4,18499,Jojo,100.0
Transcodes/IMG_1582.mp4,18499,Jojo,100.0
Transcodes/IMG_1582.mp4,18499,Millie,100.0
Transcodes/IMG_1582.mp4,18999,Millie,100.0
Transcodes/IMG_1582.mp4,18999,Jojo,100.0
Transcodes/IMG_1582.mp4,18999,Millie,100.0
Transcodes/IMG_1582.mp4,18999,Jojo,100.0
Transcodes/IMG_1582.mp4,19499,Millie,100.0
Transcodes/IMG_1582.mp4,19499,Jojo,100.0
Transcodes/IMG_1582.mp4,19499,Jojo,100.0
Transcodes/IMG_1582.mp4,19499,Millie,100.0
Transcodes/IMG_1582.mp4,20000,Millie,100.0
Transcodes/IMG_1582.mp4,20000,Jojo,100.0
Transcodes/IMG_1582.mp4,20500,Millie,100.0
Transcodes/IMG_1582.mp4,20500,Jojo,100.0
Transcodes/IMG_1582.mp4,20500,Tom,100.0
Transcodes/IMG_1582.mp4,21000,Tom,100.0
Transcodes/IMG_1582.mp4,21500,Millie,100.0
Transcodes/IMG_1582.mp4,21500,Jojo,100.0
Transcodes/IMG_1582.mp4,21500,Tom,100.0
Transcodes/IMG_1582.mp4,22000,Millie,100.0
Transcodes/IMG_1582.mp4,22000,Jojo,100.0
Transcodes/IMG_1582.mp4,22000,Tom,100.0
Transcodes/IMG_1582.mp4,22500,Jojo,100.0
Transcodes/IMG_1582.mp4,22500,Millie,100.0
Transcodes/IMG_1582.mp4,22500,Tom,100.0
Transcodes/IMG_1582.mp4,23000,Millie,100.0
Transcodes/IMG_1582.mp4,23000,Jojo,100.0
Transcodes/IMG_1582.mp4,23000,Tom,100.0
Transcodes/IMG_1582.mp4,23500,Millie,100.0
Transcodes/IMG_1582.mp4,23500,Jojo,100.0
Transcodes/IMG_1582.mp4,23500,Tom,100.0
Transcodes/IMG_1582.mp4,24000,Millie,100.0
Transcodes/IMG_1582.mp4,24000,Jojo,100.0
Transcodes/IMG_1582.mp4,24000,Tom,100.0
Transcodes/IMG_1582.mp4,24500,Millie,100.0
Transcodes/IMG_1582.mp4,24500,Jojo,100.0
Transcodes/IMG_1582.mp4,24500,Tom,100.0
Transcodes/IMG_1582.mp4,25000,Millie,100.0
Transcodes/IMG_1582.mp4,25000,Jojo,100.0
Transcodes/IMG_1582.mp4,25000,Tom,100.0
Transcodes/IMG_1582.mp4,25500,Millie,100.0
Transcodes/IMG_1582.mp4,25500,Jojo,100.0
Transcodes/IMG_1582.mp4,25500,Tom,100.0
Transcodes/IMG_1582.mp4,26000,Millie,100.0
Transcodes/IMG_1582.mp4,26000,Jojo,100.0
Transcodes/IMG_1582.mp4,26000,Tom,100.0
Transcodes/IMG_1582.mp4,26500,Millie,100.0
Transcodes/IMG_1582.mp4,26500,Jojo,100.0
Transcodes/IMG_1582.mp4,26500,Tom,100.0
Transcodes/IMG_1582.mp4,27000,Millie,100.0
Transcodes/IMG_1582.mp4,27000,Jojo,100.0
Transcodes/IMG_1582.mp4,27000,Tom,100.0
Transcodes/IMG_1582.mp4,27500,Millie,100.0
Transcodes/IMG_1582.mp4,27500,Jojo,100.0
Transcodes/IMG_1582.mp4,27500,Tom,100.0
Transcodes/IMG_1582.mp4,28000,Tom,100.0
Transcodes/IMG_1582.mp4,28500,Tom,100.0
Transcodes/IMG_1582.mp4,29000,Tom,100.0
Transcodes/IMG_1582.mp4,30000,Tom,100.0
Transcodes/IMG_298.mp4,0,Millie,100.0
Transcodes/IMG_298.mp4,0,Jojo,100.0
Transcodes/IMG_298.mp4,0,Jojo,100.0
Transcodes/IMG_298.mp4,0,Millie,100.0
Transcodes/IMG_298.mp4,0,Tom,100.0
Transcodes/IMG_298.mp4,0,Kari,100.0
Transcodes/IMG_298.mp4,467,Millie,100.0
Transcodes/IMG_298.mp4,467,Jojo,100.0
Transcodes/IMG_298.mp4,467,Jojo,100.0
Transcodes/IMG_298.mp4,467,Millie,100.0
Transcodes/IMG_298.mp4,467,Tom,100.0
Transcodes/IMG_298.mp4,467,Kari,100.0
Transcodes/IMG_298.mp4,967,Millie,100.0
Transcodes/IMG_298.mp4,967,Jojo,100.0
Transcodes/IMG_298.mp4,967,Jojo,100.0
Transcodes/IMG_298.mp4,967,Millie,100.0
Transcodes/IMG_298.mp4,967,Tom,100.0
Transcodes/IMG_298.mp4,967,Kari,100.0
Transcodes/IMG_298.mp4,1468,Millie,100.0
Transcodes/IMG_298.mp4,1468,Jojo,100.0
Transcodes/IMG_298.mp4,1468,Millie,100.0
Transcodes/IMG_298.mp4,1468,Jojo,100.0
Transcodes/IMG_298.mp4,1468,Tom,100.0
Transcodes/IMG_298.mp4,1968,Millie,100.0
Transcodes/IMG_298.mp4,1968,Jojo,100.0
Transcodes/IMG_298.mp4,1968,Jojo,100.0
Transcodes/IMG_298.mp4,1968,Millie,100.0
Transcodes/IMG_298.mp4,1968,Tom,100.0
Transcodes/IMG_298.mp4,1968,Kari,100.0
Transcodes/IMG_298.mp4,2469,Millie,100.0
Transcodes/IMG_298.mp4,2469,Jojo,100.0
Transcodes/IMG_298.mp4,2469,Millie,100.0
Transcodes/IMG_298.mp4,2469,Jojo,100.0
Transcodes/IMG_298.mp4,2469,Tom,100.0
Transcodes/IMG_298.mp4,2469,Kari,100.0
Transcodes/IMG_298.mp4,2969,Millie,100.0
Transcodes/IMG_298.mp4,2969,Jojo,100.0
Transcodes/IMG_298.mp4,2969,Jojo,100.0
Transcodes/IMG_298.mp4,2969,Millie,100.0
Transcodes/IMG_298.mp4,2969,Tom,100.0
Transcodes/IMG_298.mp4,2969,Kari,100.0
Transcodes/IMG_298.mp4,3470,Millie,100.0
Transcodes/IMG_298.mp4,3470,Jojo,100.0
Transcodes/IMG_298.mp4,3470,Jojo,100.0
Transcodes/IMG_298.mp4,3470,Millie,100.0
Transcodes/IMG_298.mp4,3470,Tom,100.0
Transcodes/IMG_298.mp4,3470,Kari,100.0
Transcodes/IMG_298.mp4,3970,Millie,100.0
Transcodes/IMG_298.mp4,3970,Jojo,100.0
Transcodes/IMG_298.mp4,3970,Jojo,100.0
Transcodes/IMG_298.mp4,3970,Millie,100.0
Transcodes/IMG_298.mp4,3970,Tom,100.0
Transcodes/IMG_298.mp4,3970,Kari,100.0
Transcodes/IMG_298.mp4,4471,Jojo,100.0
Transcodes/IMG_298.mp4,4471,Millie,100.0
Transcodes/IMG_298.mp4,4471,Millie,100.0
Transcodes/IMG_298.mp4,4471,Jojo,100.0
Transcodes/IMG_298.mp4,4471,Tom,100.0
Transcodes/IMG_298.mp4,4471,Kari,100.0
Transcodes/IMG_298.mp4,4971,Jojo,100.0
Transcodes/IMG_298.mp4,4971,Millie,100.0
Transcodes/IMG_298.mp4,4971,Millie,100.0
Transcodes/IMG_298.mp4,4971,Tom,100.0
Transcodes/IMG_298.mp4,4971,Kari,100.0
Transcodes/IMG_298.mp4,5472,Jojo,100.0
Transcodes/IMG_298.mp4,5472,Millie,100.0
Transcodes/IMG_298.mp4,5472,Millie,100.0
Transcodes/IMG_298.mp4,5472,Jojo,100.0
Transcodes/IMG_298.mp4,5472,Tom,100.0
Transcodes/IMG_298.mp4,5472,Kari,100.0
Transcodes/IMG_298.mp4,5972,Jojo,100.0
Transcodes/IMG_298.mp4,5972,Millie,100.0
Transcodes/IMG_298.mp4,5972,Millie,100.0
Transcodes/IMG_298.mp4,5972,Jojo,100.0
Transcodes/IMG_298.mp4,5972,Tom,100.0
Transcodes/IMG_298.mp4,5972,Kari,100.0
Transcodes/IMG_298.mp4,6473,Jojo,100.0
Transcodes/IMG_298.mp4,6473,Millie,100.0
Transcodes/IMG_298.mp4,6473,Millie,100.0
Transcodes/IMG_298.mp4,6473,Jojo,100.0
Transcodes/IMG_298.mp4,6473,Tom,100.0
Transcodes/IMG_298.mp4,6473,Kari,100.0
Transcodes/IMG_298.mp4,6973,Millie,100.0
Transcodes/IMG_298.mp4,6973,Jojo,100.0
Transcodes/IMG_298.mp4,6973,Millie,100.0
Transcodes/IMG_298.mp4,6973,Tom,100.0
Transcodes/IMG_298.mp4,6973,Kari,100.0
Transcodes/IMG_298.mp4,7474,Jojo,100.0
Transcodes/IMG_298.mp4,7474,Millie,100.0
Transcodes/IMG_298.mp4,7474,Jojo,100.0
Transcodes/IMG_298.mp4,7474,Millie,100.0
Transcodes/IMG_298.mp4,7474,Tom,100.0
Transcodes/IMG_298.mp4,7474,Kari,100.0
Transcodes/IMG_298.mp4,7974,Millie,100.0
Transcodes/IMG_298.mp4,7974,Jojo,100.0
Transcodes/IMG_298.mp4,7974,Tom,100.0
Transcodes/IMG_298.mp4,7974,Kari,100.0
Transcodes/IMG_298.mp4,8475,Jojo,100.0
Transcodes/IMG_298.mp4,8475,Millie,100.0
Transcodes/IMG_298.mp4,8475,Tom,100.0
Transcodes/IMG_298.mp4,8475,Kari,100.0
Transcodes/IMG_298.mp4,8975,Jojo,100.0
Transcodes/IMG_298.mp4,8975,Millie,100.0
Transcodes/IMG_298.mp4,8975,Tom,100.0
Transcodes/IMG_298.mp4,8975,Kari,100.0
Transcodes/IMG_298.mp4,9476,Jojo,100.0
Transcodes/IMG_298.mp4,9476,Millie,100.0
Transcodes/IMG_298.mp4,9476,Tom,100.0
Transcodes/IMG_298.mp4,9476,Kari,100.0
Transcodes/IMG_298.mp4,9976,Jojo,100.0
Transcodes/IMG_298.mp4,9976,Millie,100.0
Transcodes/IMG_298.mp4,9976,Tom,100.0
Transcodes/IMG_298.mp4,9976,Kari,100.0
Transcodes/IMG_298.mp4,10477,Jojo,100.0
Transcodes/IMG_298.mp4,10477,Millie,100.0
Transcodes/IMG_298.mp4,10477,Tom,100.0
Transcodes/IMG_298.mp4,10477,Kari,100.0
Transcodes/IMG_298.mp4,10977,Jojo,100.0
Transcodes/IMG_298.mp4,10977,Millie,100.0
Transcodes/IMG_298.mp4,10977,Kari,100.0
Transcodes/IMG_298.mp4,11478,Jojo,100.0
Transcodes/IMG_298.mp4,11478,Millie,100.0
Transcodes/IMG_298.mp4,11478,Kari,100.0
Transcodes/IMG_298.mp4,11978,Jojo,100.0
Transcodes/IMG_298.mp4,11978,Millie,100.0
Transcodes/IMG_298.mp4,11978,Tom,100.0
Transcodes/IMG_298.mp4,11978,Kari,100.0
Transcodes/IMG_298.mp4,12479,Jojo,100.0
Transcodes/IMG_298.mp4,12479,Millie,100.0
Transcodes/IMG_298.mp4,12479,Kari,100.0
Transcodes/IMG_298.mp4,12979,Jojo,100.0
Transcodes/IMG_298.mp4,12979,Millie,100.0
Transcodes/IMG_298.mp4,12979,Kari,100.0
Transcodes/IMG_298.mp4,13480,Millie,100.0
Transcodes/IMG_298.mp4,13480,Jojo,100.0
Transcodes/IMG_298.mp4,13480,Kari,100.0
Transcodes/IMG_298.mp4,13980,Jojo,100.0
Transcodes/IMG_298.mp4,13980,Millie,100.0
Transcodes/IMG_298.mp4,13980,Kari,100.0
Transcodes/IMG_298.mp4,14481,Jojo,100.0
Transcodes/IMG_298.mp4,14481,Millie,100.0
Transcodes/IMG_298.mp4,14481,Kari,100.0
Transcodes/IMG_298.mp4,14981,Jojo,100.0
Transcodes/IMG_298.mp4,14981,Millie,100.0
Transcodes/IMG_298.mp4,14981,Kari,100.0
Transcodes/IMG_298.mp4,15482,Millie,100.0
Transcodes/IMG_298.mp4,15482,Jojo,100.0
Transcodes/IMG_298.mp4,15482,Kari,100.0
Transcodes/IMG_298.mp4,15982,Jojo,100.0
Transcodes/IMG_298.mp4,15982,Millie,100.0
Transcodes/IMG_298.mp4,15982,Kari,100.0
Transcodes/IMG_298.mp4,16483,Jojo,100.0
Transcodes/IMG_298.mp4,16483,Millie,100.0
Transcodes/IMG_298.mp4,16483,Tom,100.0
Transcodes/IMG_298.mp4,16483,Kari,100.0
Transcodes/IMG_298.mp4,16983,Jojo,100.0
Transcodes/IMG_298.mp4,16983,Millie,100.0
Transcodes/IMG_298.mp4,16983,Kari,100.0
Transcodes/IMG_298.mp4,17484,Jojo,100.0
Transcodes/IMG_298.mp4,17484,Millie,100.0
Transcodes/IMG_298.mp4,17484,Kari,100.0
Transcodes/IMG_298.mp4,17984,Jojo,100.0
Transcodes/IMG_298.mp4,17984,Millie,100.0
Transcodes/IMG_298.mp4,17984,Kari,100.0
Transcodes/IMG_298.mp4,18485,Jojo,100.0
Transcodes/IMG_298.mp4,18485,Millie,100.0
Transcodes/IMG_298.mp4,18485,Kari,100.0
Transcodes/IMG_298.mp4,18985,Jojo,100.0
Transcodes/IMG_298.mp4,18985,Millie,100.0
Transcodes/IMG_298.mp4,18985,Kari,100.0
Transcodes/IMG_298.mp4,19486,Jojo,100.0
Transcodes/IMG_298.mp4,19486,Millie,100.0
Transcodes/IMG_298.mp4,19486,Kari,100.0
Transcodes/IMG_298.mp4,19986,Millie,100.0
Transcodes/IMG_298.mp4,19986,Jojo,100.0
Transcodes/IMG_298.mp4,19986,Millie,100.0
Transcodes/IMG_298.mp4,19986,Jojo,100.0
Transcodes/IMG_298.mp4,19986,Kari,100.0
Transcodes/IMG_298.mp4,20487,Jojo,100.0
Transcodes/IMG_298.mp4,20487,Millie,100.0
Transcodes/IMG_298.mp4,20487,Millie,100.0
Transcodes/IMG_298.mp4,20487,Jojo,100.0
Transcodes/IMG_298.mp4,20487,Tom,100.0
Transcodes/IMG_298.mp4,20487,Kari,100.0
Transcodes/IMG_298.mp4,20987,Jojo,100.0
Transcodes/IMG_298.mp4,20987,Millie,100.0
Transcodes/IMG_298.mp4,20987,Millie,100.0
Transcodes/IMG_298.mp4,20987,Tom,100.0
Transcodes/IMG_298.mp4,20987,Kari,100.0
Transcodes/IMG_298.mp4,21488,Jojo,100.0
Transcodes/IMG_298.mp4,21488,Millie,100.0
Transcodes/IMG_298.mp4,21488,Millie,100.0
Transcodes/IMG_298.mp4,21488,Tom,100.0
Transcodes/IMG_298.mp4,21488,Kari,100.0
Transcodes/IMG_298.mp4,21988,Millie,100.0
Transcodes/IMG_298.mp4,21988,Tom,100.0
Transcodes/IMG_298.mp4,21988,Kari,100.0
Transcodes/IMG_298.mp4,22489,Jojo,100.0
Transcodes/IMG_298.mp4,22489,Millie,100.0
Transcodes/IMG_298.mp4,22489,Tom,100.0
Transcodes/IMG_298.mp4,22489,Kari,100.0
Transcodes/IMG_298.mp4,22989,Jojo,100.0
Transcodes/IMG_298.mp4,22989,Millie,100.0
Transcodes/IMG_298.mp4,22989,Tom,100.0
Transcodes/IMG_298.mp4,22989,Kari,100.0
Transcodes/IMG_298.mp4,23490,Jojo,100.0
Transcodes/IMG_298.mp4,23490,Millie,100.0
Transcodes/IMG_298.mp4,23490,Tom,100.0
Transcodes/IMG_298.mp4,23490,Kari,100.0
Transcodes/IMG_298.mp4,23990,Jojo,100.0
Transcodes/IMG_298.mp4,23990,Millie,100.0
Transcodes/IMG_298.mp4,23990,Tom,100.0
Transcodes/IMG_298.mp4,23990,Kari,100.0
Transcodes/IMG_298.mp4,24491,Jojo,100.0
Transcodes/IMG_298.mp4,24491,Millie,100.0
Transcodes/IMG_298.mp4,24491,Tom,100.0
Transcodes/IMG_298.mp4,24491,Kari,100.0
Transcodes/IMG_298.mp4,24991,Jojo,100.0
Transcodes/IMG_298.mp4,24991,Millie,100.0
Transcodes/IMG_298.mp4,24991,Tom,100.0
Transcodes/IMG_298.mp4,24991,Kari,100.0
Transcodes/IMG_298.mp4,25492,Jojo,100.0
Transcodes/IMG_298.mp4,25492,Millie,100.0
Transcodes/IMG_298.mp4,25492,Tom,100.0
Transcodes/IMG_298.mp4,25492,Kari,100.0
Transcodes/IMG_298.mp4,25992,Jojo,100.0
Transcodes/IMG_298.mp4,25992,Millie,100.0
Transcodes/IMG_298.mp4,25992,Kari,100.0
Transcodes/IMG_298.mp4,26493,Kari,100.0
Transcodes/IMG_298.mp4,26993,Tom,100.0
Transcodes/IMG_298.mp4,26993,Kari,100.0
Transcodes/IMG_4119.mp4,0,Jojo,100.0
Transcodes/IMG_4119.mp4,0,Millie,100.0
Transcodes/IMG_4119.mp4,500,Jojo,100.0
Transcodes/IMG_4119.mp4,500,Millie,100.0
Transcodes/IMG_4119.mp4,999,Jojo,100.0
Transcodes/IMG_4119.mp4,1500,Jojo,100.0
Transcodes/IMG_4119.mp4,1500,Millie,100.0
Transcodes/IMG_4119.mp4,2000,Jojo,100.0
Transcodes/IMG_4119.mp4,2000,Millie,100.0
Transcodes/IMG_4119.mp4,2500,Jojo,100.0
Transcodes/IMG_4119.mp4,2500,Millie,100.0
Transcodes/IMG_4119.mp4,2999,Jojo,100.0
Transcodes/IMG_4119.mp4,2999,Millie,100.0
Transcodes/IMG_4119.mp4,3499,Jojo,100.0
Transcodes/IMG_4119.mp4,3499,Millie,100.0
Transcodes/IMG_4119.mp4,3999,Jojo,100.0
Transcodes/IMG_4119.mp4,3999,Millie,100.0
Transcodes/IMG_4119.mp4,4499,Jojo,100.0
Transcodes/IMG_4119.mp4,4499,Millie,100.0
Transcodes/IMG_4119.mp4,5000,Jojo,100.0
Transcodes/IMG_4119.mp4,5000,Millie,100.0
Transcodes/IMG_4119.mp4,5500,Jojo,100.0
Transcodes/IMG_4119.mp4,5500,Millie,100.0
Transcodes/IMG_4119.mp4,6000,Jojo,100.0
Transcodes/IMG_4119.mp4,6000,Millie,100.0
Transcodes/IMG_4119.mp4,6500,Jojo,100.0
Transcodes/IMG_4119.mp4,6500,Millie,100.0
Transcodes/IMG_4119.mp4,7000,Jojo,100.0
Transcodes/IMG_4119.mp4,7000,Millie,100.0
Transcodes/IMG_4119.mp4,7500,Jojo,100.0
Transcodes/IMG_4119.mp4,7500,Millie,100.0
Transcodes/IMG_4119.mp4,8000,Jojo,100.0
Transcodes/IMG_4119.mp4,8000,Millie,100.0
Transcodes/IMG_4119.mp4,8500,Jojo,100.0
Transcodes/IMG_4119.mp4,8500,Millie,100.0
Transcodes/IMG_4119.mp4,9000,Jojo,100.0
Transcodes/IMG_4119.mp4,9000,Millie,100.0
Transcodes/IMG_4119.mp4,9500,Jojo,100.0
Transcodes/IMG_4119.mp4,9500,Millie,100.0
Transcodes/IMG_4119.mp4,9999,Jojo,100.0
Transcodes/IMG_4119.mp4,9999,Millie,100.0
Transcodes/IMG_4119.mp4,10499,Jojo,100.0
Transcodes/IMG_4119.mp4,10499,Millie,100.0
Transcodes/IMG_4119.mp4,10999,Jojo,100.0
Transcodes/IMG_4119.mp4,10999,Millie,100.0
Transcodes/IMG_4119.mp4,11499,Jojo,100.0
Transcodes/IMG_4119.mp4,11499,Millie,100.0
Transcodes/IMG_4119.mp4,11999,Jojo,100.0
Transcodes/IMG_4119.mp4,11999,Millie,100.0
Transcodes/IMG_4119.mp4,12499,Jojo,100.0
Transcodes/IMG_4119.mp4,12499,Millie,100.0
Transcodes/IMG_4119.mp4,12999,Jojo,100.0
Transcodes/IMG_4119.mp4,12999,Millie,100.0
Transcodes/IMG_4119.mp4,13499,Jojo,100.0
Transcodes/IMG_4119.mp4,13499,Millie,100.0
Transcodes/IMG_4119.mp4,13999,Jojo,100.0
Transcodes/IMG_4119.mp4,13999,Millie,100.0
Transcodes/IMG_4119.mp4,14499,Jojo,100.0
Transcodes/IMG_4119.mp4,14499,Millie,100.0
Transcodes/IMG_4119.mp4,14999,Jojo,100.0
Transcodes/IMG_4119.mp4,14999,Millie,100.0
Transcodes/IMG_4119.mp4,15499,Jojo,100.0
Transcodes/IMG_4119.mp4,15499,Millie,100.0
Transcodes/IMG_4119.mp4,15999,Jojo,100.0
Transcodes/IMG_4119.mp4,15999,Millie,100.0
Transcodes/IMG_4119.mp4,16499,Jojo,100.0
Transcodes/IMG_4119.mp4,16499,Millie,100.0
Transcodes/IMG_4119.mp4,16999,Jojo,100.0
Transcodes/IMG_4119.mp4,16999,Millie,100.0
Transcodes/IMG_4119.mp4,17499,Jojo,100.0
Transcodes/IMG_4119.mp4,17499,Millie,100.0
Transcodes/IMG_4119.mp4,17999,Jojo,100.0
Transcodes/IMG_4119.mp4,17999,Millie,100.0
Transcodes/IMG_4119.mp4,18499,Jojo,100.0
Transcodes/IMG_4119.mp4,18499,Millie,100.0
Transcodes/IMG_4119.mp4,18999,Jojo,100.0
Transcodes/IMG_4119.mp4,19499,Jojo,100.0
Transcodes/IMG_4119.mp4,20000,Jojo,100.0
Transcodes/IMG_4119.mp4,20000,Millie,100.0
Transcodes/IMG_4119.mp4,20500,Jojo,100.0
Transcodes/IMG_4119.mp4,20500,Millie,100.0
Transcodes/IMG_4119.mp4,21000,Jojo,100.0
Transcodes/IMG_4119.mp4,21000,Millie,100.0
Transcodes/IMG_4119.mp4,21500,Jojo,100.0
Transcodes/IMG_4119.mp4,21500,Millie,100.0
Transcodes/IMG_4119.mp4,22000,Jojo,100.0
Transcodes/IMG_4119.mp4,22000,Millie,100.0
Transcodes/IMG_4119.mp4,22500,Jojo,100.0
Transcodes/IMG_4119.mp4,22500,Millie,100.0
Transcodes/IMG_4119.mp4,23000,Jojo,100.0
Transcodes/IMG_4119.mp4,23000,Millie,100.0
Transcodes/IMG_4119.mp4,23500,Jojo,100.0
Transcodes/IMG_4119.mp4,24000,Jojo,100.0
Transcodes/IMG_4119.mp4,24000,Millie,100.0
Transcodes/IMG_4119.mp4,24500,Jojo,100.0
Transcodes/IMG_4119.mp4,24500,Millie,100.0
Transcodes/IMG_4119.mp4,25000,Jojo,100.0
Transcodes/IMG_4119.mp4,25000,Millie,100.0
Transcodes/IMG_4119.mp4,25500,Jojo,100.0
Transcodes/IMG_4119.mp4,25500,Millie,100.0
Transcodes/IMG_4119.mp4,26000,Jojo,100.0
Transcodes/IMG_4119.mp4,26000,Millie,100.0
Transcodes/IMG_4119.mp4,26500,Jojo,100.0
Transcodes/IMG_4119.mp4,26500,Millie,100.0
Transcodes/IMG_4119.mp4,27000,Jojo,100.0
Transcodes/IMG_4119.mp4,27000,Millie,100.0
Transcodes/IMG_4119.mp4,27500,Jojo,100.0
Transcodes/IMG_4119.mp4,27500,Millie,100.0
Transcodes/IMG_4119.mp4,28000,Jojo,100.0
Transcodes/IMG_4119.mp4,28000,Millie,100.0
Transcodes/IMG_4119.mp4,28500,Jojo,100.0
Transcodes/IMG_4119.mp4,28500,Millie,100.0
Transcodes/IMG_4119.mp4,29000,Jojo,100.0
Transcodes/IMG_4119.mp4,29000,Millie,100.0
Transcodes/IMG_4119.mp4,29500,Jojo,100.0
Transcodes/IMG_4119.mp4,29500,Millie,100.0
Transcodes/IMG_4119.mp4,30000,Jojo,100.0
Transcodes/IMG_4119.mp4,30000,Millie,100.0
Transcodes/IMG_4119.mp4,30500,Jojo,100.0
Transcodes/IMG_4119.mp4,30500,Millie,100.0
Transcodes/IMG_4119.mp4,31000,Jojo,100.0
Transcodes/IMG_4119.mp4,31000,Millie,100.0
Transcodes/IMG_4119.mp4,31500,Jojo,100.0
Transcodes/IMG_4119.mp4,31500,Millie,100.0
Transcodes/IMG_4119.mp4,32000,Jojo,100.0
Transcodes/IMG_4119.mp4,32000,Millie,100.0
Transcodes/IMG_4119.mp4,32500,Jojo,100.0
Transcodes/IMG_4119.mp4,32500,Millie,100.0
Transcodes/IMG_4119.mp4,33000,Jojo,100.0
Transcodes/IMG_4119.mp4,33000,Millie,100.0
Transcodes/IMG_4119.mp4,41999,Jojo,100.0
Transcodes/IMG_4119.mp4,41999,Millie,100.0
Transcodes/IMG_4119.mp4,42499,Jojo,100.0
Transcodes/IMG_4119.mp4,43999,Jojo,100.0
Transcodes/IMG_4119.mp4,43999,Millie,100.0
Transcodes/IMG_4119.mp4,44499,Jojo,100.0
Transcodes/IMG_4119.mp4,44499,Millie,100.0
Transcodes/IMG_4119.mp4,44999,Jojo,100.0
Transcodes/IMG_5087.mp4,0,Millie,100.0
Transcodes/IMG_5087.mp4,0,Jojo,100.0
Transcodes/IMG_5087.mp4,499,Millie,100.0
Transcodes/IMG_5087.mp4,499,Jojo,100.0
Transcodes/IMG_5087.mp4,1000,Millie,100.0
Transcodes/IMG_5087.mp4,1000,Jojo,100.0
Transcodes/IMG_5087.mp4,1499,Millie,100.0
Transcodes/IMG_5087.mp4,1499,Jojo,100.0
Transcodes/IMG_5087.mp4,1999,Millie,100.0
Transcodes/IMG_5087.mp4,1999,Jojo,100.0
Transcodes/IMG_5087.mp4,2500,Millie,100.0
Transcodes/IMG_5087.mp4,2500,Jojo,100.0
Transcodes/IMG_5087.mp4,4999,Jojo,100.0
Transcodes/IMG_5087.mp4,4999,Millie,100.0
Transcodes/IMG_5087.mp4,5499,Millie,100.0
Transcodes/IMG_5087.mp4,5499,Jojo,100.0
Transcodes/IMG_5087.mp4,5999,Millie,100.0
Transcodes/IMG_5087.mp4,5999,Jojo,100.0
Transcodes/IMG_5087.mp4,6499,Millie,100.0
Transcodes/IMG_5087.mp4,6499,Jojo,100.0
Transcodes/IMG_5087.mp4,6999,Millie,100.0
Transcodes/IMG_5087.mp4,6999,Jojo,100.0
Transcodes/IMG_5087.mp4,7499,Millie,100.0
Transcodes/IMG_5087.mp4,7499,Jojo,100.0
Transcodes/IMG_5087.mp4,7999,Millie,100.0
Transcodes/IMG_5087.mp4,7999,Jojo,100.0
Transcodes/IMG_5087.mp4,8499,Millie,100.0
Transcodes/IMG_5087.mp4,8499,Jojo,100.0
Transcodes/IMG_5087.mp4,8999,Millie,100.0
Transcodes/IMG_5087.mp4,8999,Jojo,100.0
Transcodes/IMG_5087.mp4,9499,Millie,100.0
Transcodes/IMG_5087.mp4,9499,Jojo,100.0
Transcodes/IMG_5087.mp4,10000,Millie,100.0
Transcodes/IMG_5087.mp4,10000,Jojo,100.0
Transcodes/IMG_5087.mp4,10500,Millie,100.0
Transcodes/IMG_5087.mp4,10500,Jojo,100.0
Transcodes/IMG_5087.mp4,11000,Millie,100.0
Transcodes/IMG_5087.mp4,11000,Jojo,100.0
Transcodes/IMG_5087.mp4,11500,Millie,100.0
Transcodes/IMG_5087.mp4,11500,Jojo,100.0
Transcodes/IMG_5087.mp4,12000,Millie,100.0
Transcodes/IMG_5087.mp4,12000,Jojo,100.0
Transcodes/IMG_7089.mp4,0,Kari,100.0
Transcodes/IMG_7089.mp4,0,Millie,100.0
Transcodes/IMG_7089.mp4,0,Jojo,100.0
Transcodes/IMG_7089.mp4,499,Kari,100.0
Transcodes/IMG_7089.mp4,499,Millie,100.0
Transcodes/IMG_7089.mp4,499,Jojo,100.0
Transcodes/IMG_7089.mp4,1000,Kari,100.0
Transcodes/IMG_7089.mp4,1000,Millie,100.0
Transcodes/IMG_7089.mp4,1499,Kari,100.0
Transcodes/IMG_7089.mp4,1999,Kari,100.0
Transcodes/IMG_7089.mp4,2500,Kari,100.0
Transcodes/IMG_7089.mp4,3000,Kari,100.0
Transcodes/IMG_7089.mp4,3500,Kari,100.0
Transcodes/IMG_7089.mp4,4000,Kari,100.0
Transcodes/IMG_7089.mp4,4500,Kari,100.0
Transcodes/IMG_7089.mp4,4999,Kari,100.0
Transcodes/IMG_7089.mp4,5499,Kari,100.0
Transcodes/IMG_7089.mp4,5999,Kari,100.0
Transcodes/IMG_7089.mp4,6499,Kari,100.0
Transcodes/IMG_7089.mp4,6999,Kari,100.0
Transcodes/IMG_7089.mp4,7499,Kari,100.0
Transcodes/IMG_7089.mp4,7999,Kari,100.0
Transcodes/IMG_7089.mp4,8499,Kari,100.0
Transcodes/IMG_7089.mp4,8999,Kari,100.0
Transcodes/IMG_7089.mp4,9499,Kari,100.0
Transcodes/IMG_7089.mp4,10000,Kari,100.0
Transcodes/IMG_7241.mp4,2999,Jojo,100.0
Transcodes/IMG_7241.mp4,2999,Millie,100.0
Transcodes/IMG_7241.mp4,3499,Millie,100.0
Transcodes/IMG_7241.mp4,3499,Jojo,100.0
Transcodes/IMG_7241.mp4,3999,Jojo,100.0
Transcodes/IMG_7241.mp4,3999,Millie,100.0
Transcodes/IMG_7241.mp4,4499,Jojo,100.0
Transcodes/IMG_7241.mp4,4499,Millie,100.0
Transcodes/IMG_7241.mp4,5000,Jojo,100.0
Transcodes/IMG_7241.mp4,5000,Millie,100.0
Transcodes/IMG_7241.mp4,5500,Jojo,100.0
Transcodes/IMG_7241.mp4,5500,Millie,100.0
Transcodes/IMG_7241.mp4,6000,Jojo,100.0
Transcodes/IMG_7241.mp4,6000,Millie,100.0
Transcodes/IMG_7241.mp4,6500,Jojo,100.0
Transcodes/IMG_7241.mp4,6500,Millie,100.0
Transcodes/IMG_7241.mp4,7000,Jojo,100.0
Transcodes/IMG_7241.mp4,7000,Millie,100.0
Transcodes/IMG_7241.mp4,8000,Jojo,100.0
Transcodes/IMG_7241.mp4,8000,Millie,100.0
Transcodes/IMG_7241.mp4,8500,Jojo,100.0
Transcodes/IMG_7241.mp4,8500,Millie,100.0
Transcodes/IMG_7241.mp4,11999,Jojo,100.0
Transcodes/IMG_7241.mp4,11999,Millie,100.0
Transcodes/IMG_7241.mp4,12999,Jojo,100.0
Transcodes/IMG_7241.mp4,12999,Millie,100.0
Transcodes/IMG_7241.mp4,13999,Jojo,100.0
Transcodes/IMG_7241.mp4,14499,Millie,100.0
Transcodes/IMG_7241.mp4,14499,Jojo,100.0
Transcodes/IMG_7241.mp4,14999,Jojo,100.0
Transcodes/IMG_7241.mp4,14999,Millie,100.0
Transcodes/IMG_7241.mp4,15499,Millie,100.0
Transcodes/IMG_7241.mp4,15499,Jojo,100.0
Transcodes/IMG_7241.mp4,15999,Millie,100.0
Transcodes/IMG_7241.mp4,15999,Jojo,100.0
Transcodes/IMG_7241.mp4,16499,Millie,100.0
Transcodes/IMG_7241.mp4,16499,Jojo,100.0
Transcodes/IMG_7241.mp4,16999,Millie,100.0
Transcodes/IMG_7241.mp4,16999,Jojo,100.0
Transcodes/IMG_7241.mp4,17499,Millie,100.0
Transcodes/IMG_7241.mp4,17499,Jojo,100.0
Transcodes/IMG_7241.mp4,17999,Millie,100.0
Transcodes/IMG_7241.mp4,17999,Jojo,100.0
Transcodes/IMG_7241.mp4,18499,Millie,100.0
Transcodes/IMG_7241.mp4,18499,Jojo,100.0
Transcodes/IMG_7241.mp4,18999,Millie,100.0
Transcodes/IMG_7241.mp4,18999,Jojo,100.0
Transcodes/IMG_7241.mp4,20000,Millie,100.0
Transcodes/IMG_7241.mp4,20000,Jojo,100.0
Transcodes/IMG_7241.mp4,20500,Millie,100.0
Transcodes/IMG_7241.mp4,20500,Jojo,100.0
Transcodes/IMG_7241.mp4,21000,Millie,100.0
Transcodes/IMG_7241.mp4,21000,Jojo,100.0
Transcodes/IMG_7241.mp4,22500,Millie,100.0
Transcodes/IMG_7241.mp4,22500,Jojo,100.0
Transcodes/IMG_7241.mp4,23000,Millie,100.0
Transcodes/IMG_7241.mp4,23000,Jojo,100.0
Transcodes/IMG_7241.mp4,23500,Millie,100.0
Transcodes/IMG_7241.mp4,23500,Jojo,100.0
Transcodes/IMG_7241.mp4,24000,Millie,100.0
Transcodes/IMG_7241.mp4,24000,Jojo,100.0
Transcodes/IMG_7241.mp4,24500,Millie,100.0
Transcodes/IMG_7241.mp4,24500,Jojo,100.0
Transcodes/IMG_7241.mp4,25000,Millie,100.0
Transcodes/IMG_7241.mp4,45499,Millie,100.0
Transcodes/IMG_7241.mp4,45499,Jojo,100.0
Transcodes/IMG_7241.mp4,45999,Millie,100.0
Transcodes/IMG_7241.mp4,45999,Jojo,100.0
Transcodes/IMG_7241.mp4,46499,Millie,100.0
Transcodes/IMG_7241.mp4,46999,Millie,100.0
Transcodes/IMG_7241.mp4,46999,Jojo,100.0
Transcodes/IMG_7241.mp4,47499,Jojo,100.0
Transcodes/IMG_7241.mp4,50999,Jojo,100.0
Transcodes/IMG_7241.mp4,51499,Millie,100.0
Transcodes/IMG_7241.mp4,51999,Jojo,100.0
Transcodes/IMG_7241.mp4,52499,Jojo,100.0
Transcodes/IMG_7241.mp4,52499,Millie,100.0
Transcodes/IMG_7241.mp4,52999,Millie,100.0
Transcodes/IMG_7241.mp4,53499,Millie,100.0
Transcodes/IMG_7241.mp4,57499,Jojo,100.0
Transcodes/IMG_7241.mp4,57999,Jojo,100.0
Transcodes/IMG_7241.mp4,57999,Millie,100.0
Transcodes/IMG_7241.mp4,58499,Jojo,100.0
Transcodes/IMG_7241.mp4,58499,Millie,100.0
Transcodes/IMG_7241.mp4,58999,Jojo,100.0
Transcodes/IMG_7241.mp4,58999,Millie,100.0
Transcodes/IMG_7241.mp4,59499,Jojo,100.0
Transcodes/IMG_7241.mp4,59499,Millie,100.0
Transcodes/IMG_7241.mp4,60999,Jojo,100.0
Transcodes/IMG_7241.mp4,60999,Millie,100.0
Transcodes/IMG_7241.mp4,61499,Jojo,100.0
Transcodes/IMG_7241.mp4,61499,Millie,100.0
Transcodes/IMG_7241.mp4,61999,Jojo,100.0
Transcodes/IMG_7241.mp4,61999,Millie,100.0
Transcodes/IMG_7241.mp4,62499,Millie,100.0
Transcodes/IMG_7241.mp4,62499,Jojo,100.0
Transcodes/IMG_7241.mp4,62999,Jojo,100.0
Transcodes/IMG_7241.mp4,63499,Millie,100.0
Transcodes/IMG_7241.mp4,63499,Jojo,100.0
Transcodes/IMG_7241.mp4,63999,Millie,100.0
Transcodes/IMG_7241.mp4,63999,Jojo,100.0
Transcodes/IMG_9610.mp4,15999,Millie,100.0
Transcodes/IMG_9610.mp4,16499,Millie,100.0
Transcodes/IMG_9610.mp4,16999,Millie,100.0
Transcodes/IMG_9610.mp4,22000,Jojo,100.0
Transcodes/IMG_9610.mp4,22500,Jojo,100.0
Transcodes/IMG_9610.mp4,23000,Jojo,100.0
Transcodes/IMG_9610.mp4,23500,Millie,100.0
Transcodes/IMG_9610.mp4,23500,Jojo,100.0
Transcodes/IMG_9610.mp4,24000,Jojo,100.0
Transcodes/IMG_9610.mp4,24500,Jojo,100.0
Transcodes/IMG_9610.mp4,24500,Millie,100.0
Transcodes/IMG_9610.mp4,25000,Jojo,100.0
Transcodes/IMG_9610.mp4,25000,Millie,100.0
Transcodes/IMG_9610.mp4,25500,Jojo,100.0
Transcodes/IMG_9610.mp4,25500,Millie,100.0
Transcodes/IMG_9610.mp4,26000,Jojo,100.0
Transcodes/IMG_9610.mp4,26500,Jojo,100.0
Transcodes/IMG_9610.mp4,29500,Jojo,100.0
Transcodes/IMG_9610.mp4,29500,Millie,100.0
